{
  "train_losses": [
    1.4045228831470014,
    0.20517014898359776,
    0.13626522496342658,
    0.07416759468615056,
    0.06101338304579258,
    0.061547985300421715,
    0.05590022932738066,
    0.05330006405711174,
    0.05307177193462849,
    0.050395235419273376,
    0.048755937814712526,
    0.0483204822987318,
    0.046294312179088595,
    0.04450238067656755,
    0.043782128021121025,
    0.04372025169432163,
    0.044689705781638625,
    0.049824961461126804,
    0.042214022018015385,
    0.04043416567146778,
    0.04295712299644947
  ],
  "val_losses": [
    0.0,
    0.0,
    0.0,
    0.0,
    0.0,
    0.0,
    0.0,
    0.0,
    0.0,
    0.0,
    0.0,
    0.0,
    0.0,
    0.0,
    0.0,
    0.0,
    0.0,
    0.0,
    0.0,
    0.0,
    0.0
  ],
  "best_val_loss": 0.0,
  "best_epoch": 0
}