{
  "train_losses": [
    1.404504008822971,
    0.2051672167248196,
    0.13626388019985622,
    0.07416505522198147,
    0.06100718418757121,
    0.06154633469051785,
    0.055899383756849504,
    0.053298446337382,
    0.053070832358466255,
    0.050394732687208385,
    0.04875626749462551,
    0.04831898821724786,
    0.04629288011127048,
    0.04450224664476183,
    0.043782573805914986,
    0.04371954017215305,
    0.044690888987647163,
    0.049823083347744414,
    0.04221089310116238,
    0.040435540146297876,
    0.042956725226508244
  ],
  "val_losses": [
    0.0,
    0.0,
    0.0,
    0.0,
    0.0,
    0.0,
    0.0,
    0.0,
    0.0,
    0.0,
    0.0,
    0.0,
    0.0,
    0.0,
    0.0,
    0.0,
    0.0,
    0.0,
    0.0,
    0.0,
    0.0
  ],
  "best_val_loss": 0.0,
  "best_epoch": 0
}