{
  "train_losses": [
    0.04858439736896091,
    0.03823592715793186,
    0.037914368444018895,
    0.03406624449623956,
    0.03406209852960375,
    0.03286751495467292,
    0.030470380385716755,
    0.030280248059166803,
    0.02875882731543647,
    0.02900316211912367,
    0.029067090484831068,
    0.027654917240142823,
    0.025717214081022476,
    0.026570219463772245,
    0.02614816599422031,
    0.02845878945456611,
    0.03167384028434753,
    0.03042565411991543,
    0.031832426124148896,
    0.024830298953586155,
    0.023913199371761746
  ],
  "val_losses": [
    0.0,
    0.0,
    0.0,
    0.0,
    0.0,
    0.0,
    0.0,
    0.0,
    0.0,
    0.0,
    0.0,
    0.0,
    0.0,
    0.0,
    0.0,
    0.0,
    0.0,
    0.0,
    0.0,
    0.0,
    0.0
  ],
  "best_val_loss": 0.0,
  "best_epoch": 0
}