{
  "train_losses": [
    0.04868545240826077,
    0.038579151895311144,
    0.03783674332830641,
    0.0344454562664032,
    0.03465005159378052,
    0.03327345490455627,
    0.03106364925702413,
    0.03104426132308112,
    0.029382850858900283,
    0.029486865997314454,
    0.030148883793089123,
    0.028259223169750637,
    0.026071554952197606,
    0.026747081014845107,
    0.02534825642903646,
    0.02806932144694858,
    0.029883115026685926,
    0.031110980378256905,
    0.032037992080052695,
    0.02515771057870653,
    0.023889032271173265
  ],
  "val_losses": [
    0.0,
    0.0,
    0.0,
    0.0,
    0.0,
    0.0,
    0.0,
    0.0,
    0.0,
    0.0,
    0.0,
    0.0,
    0.0,
    0.0,
    0.0,
    0.0,
    0.0,
    0.0,
    0.0,
    0.0,
    0.0
  ],
  "best_val_loss": 0.0,
  "best_epoch": 0
}